seg_id,time_to_failure
seg_00030f,5.0081663
seg_0012b5,3.1960073
seg_00184e,4.484749
seg_003339,8.056708
seg_0042cc,6.088891
seg_004314,1.8702393
seg_004cd2,7.4001007
seg_004ee5,3.6492875
seg_004f1f,3.371993
seg_00648a,2.3087614
seg_006e4a,3.5656185
seg_007a37,3.324562
seg_00a37e,2.8622413
seg_00be11,2.810255
seg_00c35b,4.4486556
seg_00cc91,3.0630987
seg_00e5f7,6.5654616
seg_00f3b9,2.3974695
seg_010eab,6.9072156
seg_0125d9,5.7745843
seg_0144cb,6.4803596
seg_0165c6,7.1035132
seg_016913,2.6809566
seg_016cdb,3.1688285
seg_017314,7.906397
seg_01a8dc,2.8601093
seg_01c775,7.454941
seg_01ecb0,2.5569649
seg_02042f,2.5238695
seg_025e78,3.999691
seg_032822,2.4200175
seg_0339ca,2.8081634
seg_037461,2.7853968
seg_038879,7.755724
seg_03d386,2.2590926
seg_03d63e,2.8164198
seg_03d680,8.077351
seg_03f380,2.553273
seg_0445d7,6.590141
seg_046c28,2.186666
seg_0488a1,5.1726036
seg_049957,9.066073
seg_04a696,7.141331
seg_04ae38,3.1135406
seg_04b87a,7.506959
seg_04cceb,6.9198074
seg_04ee93,6.655034
seg_04fd93,6.2491484
seg_0536c9,2.8295066
seg_055127,5.389868
seg_05a1b0,2.9647286
seg_05a4ad,7.749159
seg_05b66a,9.005411
seg_05bef4,2.6335804
seg_05e0d7,4.5835447
seg_05f126,7.667471
seg_05f9d6,7.078863
seg_060ce4,2.7427945
seg_061a33,5.9506307
seg_0620e6,7.6730976
seg_063865,4.031292
seg_065588,2.9599864
seg_06893f,2.5747027
seg_06b8c9,3.3995113
seg_06bbc5,3.2163515
seg_06d4a2,2.666125
seg_06d7ba,2.3140814
seg_070bb0,2.1074493
seg_071067,2.790913
seg_073696,8.304376
seg_075340,3.6549172
seg_075f77,3.223618
seg_0775a7,2.6348112
seg_077b7e,2.8821988
seg_079e34,3.0929756
seg_07c815,2.5271237
seg_07cd72,4.1695337
seg_07f37c,2.915665
seg_07f8df,4.312937
seg_07fc6d,6.701712
seg_086a61,7.469347
seg_0870ab,3.2615545
seg_0879a8,7.7183003
seg_08b136,7.1587834
seg_08f441,2.9087088
seg_08fd5b,2.7926197
seg_091c9d,7.901191
seg_093a0a,7.5263715
seg_0968f1,6.9628096
seg_0981f3,2.6758354
seg_09dd59,6.7276163
seg_09ed4e,8.177834
seg_09f0ff,2.3930314
seg_0a0fbb,8.845398
seg_0a1bd0,5.895315
seg_0a42ba,8.282831
seg_0a45a1,2.3376296
seg_0a97c4,6.846296
seg_0aa0fb,6.8939385
seg_0b07c7,3.5661407
seg_0b082e,7.1771884
seg_0b32f7,3.1503823
seg_0b3b94,3.0859103
seg_0b48c4,2.9272292
seg_0b4b24,2.6209013
seg_0b54ac,3.3697414
seg_0b76f5,7.6477895
seg_0b9ad8,7.475932
seg_0b9ba3,7.943279
seg_0ba210,8.133057
seg_0ba585,2.8845036
seg_0bb5fd,6.7949305
seg_0bc877,4.577156
seg_0be6ee,2.681061
seg_0c12cc,6.554796
seg_0c1d3a,3.9311419
seg_0c247b,7.259539
seg_0c3943,3.0915356
seg_0c4e31,2.0495074
seg_0c74cf,2.517846
seg_0c8502,8.351587
seg_0c89ce,4.9241447
seg_0c9aa8,7.4709854
seg_0cb81b,3.2288504
seg_0cca14,2.6883764
seg_0cdcc8,2.2506611
seg_0cf651,2.1144617
seg_0d0250,3.158895
seg_0d04b9,7.1008987
seg_0d13a7,2.7807286
seg_0d434c,8.1429825
seg_0d540e,2.4548025
seg_0d663a,8.101114
seg_0d6d68,4.762082
seg_0d762e,6.550595
seg_0d833c,6.7728186
seg_0dae4b,2.8539648
seg_0dc38f,2.4749174
seg_0dcc40,7.209931
seg_0df469,3.6753469
seg_0df75c,8.945242
seg_0dfe8c,3.4542198
seg_0e1370,2.3260484
seg_0e1fbe,5.8064504
seg_0e3739,4.2151055
seg_0e3d44,1.3480614
seg_0e3ed2,2.4109085
seg_0e4833,7.8764505
seg_0e7cc5,4.5972834
seg_0e8b79,9.241257
seg_0e9987,2.72727
seg_0e9bb3,5.5952344
seg_0eb333,2.3443167
seg_0ebfd9,3.4129112
seg_0f565c,2.797911
seg_0f74a3,3.2779222
seg_0f8961,8.076586
seg_0fc67a,8.834976
seg_0fca83,2.4391506
seg_0fd3ff,2.9828548
seg_1010ad,6.985052
seg_103b32,4.193187
seg_105cd9,1.9674139
seg_1084af,6.079665
seg_10a595,2.9975302
seg_10c09d,7.7387447
seg_10f3a6,2.184983
seg_112b81,3.425377
seg_1144bc,8.619894
seg_114b79,3.9021087
seg_115617,4.2741103
seg_115a92,3.0419059
seg_11647f,1.8315463
seg_117278,3.9931371
seg_117ff4,4.7582636
seg_11860f,2.9079092
seg_1201e8,3.0600364
seg_121446,5.5766373
seg_121cba,2.729083
seg_122ba9,2.8803492
seg_123dd4,8.79293
seg_12ac20,8.322237
seg_12b9ba,6.2748237
seg_12ee6e,3.5014741
seg_130e17,2.0234861
seg_13468a,6.125109
seg_136285,3.2820392
seg_136695,7.371519
seg_137f8a,7.46348
seg_138807,4.232888
seg_13c2f0,5.420575
seg_13e25f,6.350696
seg_140bc5,2.4638915
seg_141f34,8.810387
seg_146926,8.258226
seg_148698,5.3096933
seg_14ad27,2.5259311
seg_14c054,8.156529
seg_14c371,8.044561
seg_14c435,2.5875504
seg_14c89d,5.5428467
seg_14c8ce,4.6976957
seg_14d1d3,3.3660836
seg_14f5f0,7.016732
seg_151368,7.482616
seg_151d92,2.9580114
seg_153d6a,8.717642
seg_154361,4.2502346
seg_1562cb,9.026751
seg_158691,3.1546636
seg_158764,4.44817
seg_15adff,3.3156202
seg_15bf25,7.2408957
seg_15c9f9,2.709984
seg_161aeb,7.6568947
seg_161f5f,4.3051634
seg_162fc4,6.775567
seg_16566c,6.52773
seg_166f70,8.977508
seg_168d1c,8.269407
seg_16a270,7.6771226
seg_16c3a7,4.0064898
seg_17067e,4.5794888
seg_170684,8.24267
seg_170a0c,7.99106
seg_176542,7.4538703
seg_17799c,7.0598335
seg_179d90,8.270351
seg_17adc0,3.113877
seg_17d1ff,2.6643045
seg_17e596,7.6259127
seg_180481,3.8904135
seg_18096a,6.359918
seg_1815fe,5.2912006
seg_1827c5,9.210812
seg_184222,2.732239
seg_185ad6,7.9645715
seg_18d1d0,1.9953624
seg_18d307,2.1540148
seg_18f633,2.4975872
seg_18f853,3.652009
seg_18fb65,2.0612357
seg_193404,8.04447
seg_19515c,5.0988727
seg_195eda,7.1084
seg_1969c8,6.7278857
seg_19b08e,3.5954885
seg_19b9dd,7.3529177
seg_19e1ff,7.076326
seg_19ec5c,9.025282
seg_1a0e94,8.7869835
seg_1a0eca,6.520357
seg_1a671a,2.9386556
seg_1a791c,3.4711847
seg_1a8e06,3.4934735
seg_1a8f0d,2.890482
seg_1a8f2c,6.718412
seg_1abcaf,1.9791832
seg_1ac9e2,3.663282
seg_1ae362,6.7541876
seg_1afa29,2.6249704
seg_1b08a4,3.3021944
seg_1b1ad8,3.9748309
seg_1b2298,7.9066143
seg_1b78af,3.425798
seg_1baf33,3.5714345
seg_1bd38e,6.9697547
seg_1bf7b3,2.5802805
seg_1c401b,7.069092
seg_1c4c5b,3.3325388
seg_1c4e72,5.002096
seg_1c849d,2.9024515
seg_1c904f,3.8235986
seg_1c929e,2.9488244
seg_1cb942,8.05825
seg_1cd352,3.585265
seg_1cf1b5,2.0932388
seg_1d044c,4.8330927
seg_1d11e5,3.0600386
seg_1d596d,3.0585704
seg_1d980f,3.4210443
seg_1da819,3.3048544
seg_1db443,7.40063
seg_1db8e8,8.182243
seg_1dec9c,8.324625
seg_1e0523,2.667563
seg_1e0b82,8.115934
seg_1e572b,8.215854
seg_1e617a,3.6588879
seg_1e61d6,2.4033213
seg_1e677e,6.3018813
seg_1eae76,4.566758
seg_1ebe6b,2.2144313
seg_1ece48,2.484872
seg_1eeb8f,3.2952032
seg_1ef708,3.1700993
seg_1f1e60,8.711664
seg_1f3d44,4.6037226
seg_1f3ede,3.3316789
seg_1f5240,4.1011877
seg_1f7cf8,3.6052008
seg_1f9aed,3.9570117
seg_1fa983,2.1881955
seg_1fc7ab,6.5985007
seg_1fe311,8.312173
seg_2005a7,4.9056873
seg_2018c8,8.153143
seg_204dc6,2.8290195
seg_208ba5,2.8400583
seg_2099f4,4.6376133
seg_20a990,3.4130826
seg_20b8d0,5.475609
seg_20cbac,3.6912668
seg_20cc25,2.1146777
seg_20d9de,7.6455736
seg_20e9ad,4.308961
seg_210388,5.110731
seg_211299,6.3146896
seg_211486,7.419097
seg_214492,2.580624
seg_217eed,2.5835872
seg_218049,3.05067
seg_21eebb,3.993199
seg_21faa9,8.484994
seg_222c5f,2.482553
seg_225320,8.029039
seg_226e60,7.8550086
seg_229eda,7.9425077
seg_22e509,3.4934468
seg_2313d1,4.9965363
seg_232559,7.9878616
seg_23323e,2.301145
seg_2367fb,7.4033303
seg_238242,7.6260242
seg_2383c2,3.369015
seg_2396a2,2.86072
seg_23b123,8.672601
seg_23bdf9,6.042006
seg_23c947,2.3642416
seg_23efb0,2.7285883
seg_23f823,2.835435
seg_23fe27,7.4629216
seg_241266,2.7449722
seg_24157a,6.9777136
seg_24458d,6.087912
seg_2465ce,7.2393427
seg_247262,7.0553393
seg_24ba8d,4.1075463
seg_24c078,7.1422005
seg_24c1c9,3.6164691
seg_24e071,2.6780143
seg_24f338,2.7291064
seg_257b8a,3.9782991
seg_2597af,2.7914102
seg_259c63,3.2571056
seg_259d65,3.312539
seg_259dd3,7.307363
seg_25aa9f,8.5812435
seg_25ab3f,4.4525375
seg_25b38a,7.6228857
seg_25c8dc,6.5026383
seg_25cca7,8.073931
seg_25e76d,2.45899
seg_26049e,7.560181
seg_263deb,2.9416456
seg_263fb3,2.3888535
seg_2642d0,2.2929265
seg_2642d4,5.4323583
seg_264c7d,7.81219
seg_266805,2.9573784
seg_266c6e,3.7487998
seg_266d4e,3.9841566
seg_268249,5.6141768
seg_268625,2.5199325
seg_268956,3.4409792
seg_26a2a0,0.37130344
seg_26cba3,3.0252926
seg_26edaa,6.9915576
seg_2700bd,2.9838367
seg_272a47,2.015459
seg_274a1a,7.204096
seg_2774c4,8.800646
seg_279725,9.396289
seg_27a282,5.070045
seg_27b7c8,2.8064282
seg_27db4d,7.746499
seg_27de37,6.9289923
seg_27f532,8.409792
seg_27ff17,3.2472796
seg_280863,2.9916844
seg_280e3b,4.740147
seg_284223,6.6928134
seg_284923,9.145945
seg_287e60,2.991854
seg_287fef,2.4611886
seg_288001,2.8697388
seg_2883ec,7.170501
seg_289d99,2.0144846
seg_28fc32,7.0818944
seg_29022f,2.9696362
seg_2916e3,8.318844
seg_293dbf,3.0495818
seg_293dc2,2.7099245
seg_29475f,5.1646376
seg_295b1c,7.10512
seg_2977cd,4.7267065
seg_29a073,3.5838394
seg_29acb7,2.5634437
seg_29c772,3.313038
seg_29c906,2.780889
seg_29d497,3.6255999
seg_29d4c6,8.475647
seg_29e799,5.4201508
seg_2a0ace,7.114115
seg_2a0afc,6.7847023
seg_2a0dc0,7.606126
seg_2a2f1e,7.0342245
seg_2a4551,7.3840275
seg_2a6343,7.410307
seg_2a8351,2.3663814
seg_2aa101,3.2539334
seg_2abd33,5.0415115
seg_2b2cb3,4.1566296
seg_2b372b,3.3320003
seg_2b4959,4.482009
seg_2b6d52,8.623171
seg_2ba79a,2.7449718
seg_2bcbde,8.810117
seg_2be983,8.983917
seg_2bf5be,8.862528
seg_2bf9dd,7.6966004
seg_2c3203,2.2593324
seg_2c5e9f,7.185878
seg_2c6011,4.0135026
seg_2c69e4,7.5789475
seg_2c762c,6.929388
seg_2cac57,8.594061
seg_2cadc0,5.4630756
seg_2cdbe3,2.557253
seg_2d3828,4.9452133
seg_2d402d,2.5809693
seg_2d427f,1.9887742
seg_2d5544,2.383164
seg_2d7cc4,2.6671119
seg_2d92f0,8.037308
seg_2db7dc,3.7929144
seg_2dc6ff,2.3213162
seg_2dccec,3.6120844
seg_2dcd3a,3.0202224
seg_2dcd84,8.287985
seg_2dfb91,3.2345018
seg_2e2372,7.0258374
seg_2e50fb,2.1437998
seg_2e64af,2.6746528
seg_2e71dd,2.0141766
seg_2e88dd,3.724033
seg_2e917f,6.946214
seg_2e9a47,6.840115
seg_2ea616,4.491865
seg_2eccb9,3.3772492
seg_2ece02,3.1275268
seg_2ed79b,2.4690309
seg_2eddf6,7.5218444
seg_2ee95c,8.704803
seg_2efd5c,7.236458
seg_2f1664,6.9725475
seg_2f4f14,2.968954
seg_2f5695,2.2221172
seg_2f60db,8.276381
seg_2f86cd,1.6491781
seg_2f8e19,7.732866
seg_2f8f6d,8.366359
seg_2f9336,2.8942678
seg_2f9581,2.67743
seg_2fb672,8.045309
seg_2fe382,2.9463825
seg_301c1e,4.722061
seg_30207d,7.9229746
seg_304581,4.768714
seg_304b87,2.3077312
seg_304df5,7.1605334
seg_30501b,8.660536
seg_3065ba,3.4340262
seg_30661b,2.422343
seg_306756,8.291541
seg_30ad2a,2.1035159
seg_30b043,3.4106736
seg_30da11,2.574878
seg_30fd84,8.4494705
seg_310230,3.432303
seg_31064b,2.9947844
seg_311499,2.629308
seg_311b5e,2.802004
seg_3128e6,6.664588
seg_3151ff,4.2375884
seg_31631c,6.814056
seg_316f86,2.2815647
seg_318135,2.9710298
seg_31a51f,2.0625057
seg_31a6cd,3.5390391
seg_31b808,3.547937
seg_31c0f4,8.342943
seg_31d763,3.1397653
seg_31d7bf,2.3073425
seg_31d810,7.4972425
seg_31ddc5,8.225386
seg_3234ca,3.4085534
seg_324447,7.256417
seg_324537,3.991596
seg_325790,4.3261876
seg_326eb7,2.508575
seg_327ed4,2.3655167
seg_32906d,2.573151
seg_32ad0f,8.087622
seg_32c904,8.322583
seg_32d747,3.1321802
seg_32e763,2.8673139
seg_32f3a9,3.033901
seg_32f6df,3.783505
seg_32f72d,3.4946752
seg_32fc4e,8.877073
seg_330579,3.745153
seg_3319b5,8.086483
seg_331f2b,7.731839
seg_3340b9,4.208701
seg_335170,2.199555
seg_337b8c,2.676488
seg_339f80,4.4728684
seg_33c30d,3.190215
seg_342ce6,8.428404
seg_343571,6.933972
seg_3452b2,3.4526196
seg_34a2b8,4.219348
seg_34a8f7,8.479828
seg_34abd2,2.2161038
seg_34ef79,3.3537946
seg_3506d6,4.2681556
seg_35269b,8.062735
seg_355717,2.31825
seg_355d19,7.580766
seg_35a2d7,9.116482
seg_35b009,2.7587953
seg_35b753,4.726816
seg_35ba8f,7.918175
seg_35c587,3.3905816
seg_35dd45,8.598649
seg_35ee83,2.668643
seg_36147d,2.2457638
seg_361f5a,8.466759
seg_3631ec,4.274255
seg_3661de,8.927535
seg_369570,3.8121216
seg_36b77f,7.4856696
seg_36e32d,8.668335
seg_3706be,7.322667
seg_373a04,6.5272026
seg_373ba6,3.090889
seg_37608b,3.9849315
seg_3761d0,2.473862
seg_37669c,4.979417
seg_376908,1.9336444
seg_377134,3.5190544
seg_3788c5,8.277647
seg_37bf85,2.997729
seg_37f3fb,2.0912127
seg_38001b,2.284687
seg_383b6b,2.1864228
seg_383f2e,7.6390495
seg_3865bc,2.886832
seg_3878d0,2.7094874
seg_389906,7.4135733
seg_38ad16,6.717687
seg_38ee24,3.8770194
seg_392019,4.199577
seg_39300d,2.1551309
seg_395e0e,8.18643
seg_397983,7.2643995
seg_397dc9,7.7939706
seg_398a25,3.2336683
seg_39a886,6.072386
seg_39ad50,1.8745002
seg_3a1600,3.7563815
seg_3a22ac,3.8772707
seg_3a80c5,4.0804415
seg_3a8a76,2.0896463
seg_3aca44,2.1084874
seg_3adb1a,2.987224
seg_3ae4d9,2.2230566
seg_3af649,3.1320105
seg_3b2013,1.5793382
seg_3b30fd,7.9357386
seg_3b4414,2.732185
seg_3b7175,3.0113049
seg_3b7724,8.277192
seg_3b95d2,8.530003
seg_3b95dc,2.5528924
seg_3ba485,8.371758
seg_3bb90a,5.106393
seg_3bc9ed,3.0986896
seg_3bd97e,8.6040745
seg_3bf9ac,2.3381257
seg_3bfcf6,3.4745955
seg_3c3ddf,3.3486876
seg_3c4106,3.7534208
seg_3c64fb,6.050157
seg_3c8545,3.8305478
seg_3cba49,7.138536
seg_3cbccf,3.5505052
seg_3ce740,8.174976
seg_3cfb73,7.9237123
seg_3d059a,3.1075253
seg_3d06cc,7.638633
seg_3d19fc,2.2389774
seg_3d1cb3,2.9391208
seg_3d1f2e,5.162751
seg_3d581c,2.2010593
seg_3d6aac,3.4111958
seg_3d6e79,4.901737
seg_3d9aa0,3.6408203
seg_3db0a8,3.9371703
seg_3e00cd,8.306613
seg_3e55d5,2.4595304
seg_3e87b4,1.744426
seg_3ec967,4.964645
seg_3edf51,2.4001224
seg_3f2086,7.80037
seg_3f3689,2.6342854
seg_3f3983,7.8327966
seg_3f5be6,3.8378258
seg_3f80ef,3.5125852
seg_3f99c8,2.582392
seg_3fb24b,3.627065
seg_3fc7ca,8.334573
seg_3fdae0,6.9736857
seg_407b2b,7.013843
seg_40b3aa,1.985999
seg_40f810,4.4697294
seg_411225,2.9428282
seg_414d0f,5.1242886
seg_4185b3,4.2788825
seg_419531,7.3831153
seg_419b2a,8.826153
seg_41a267,4.5646515
seg_41aadc,5.4235477
seg_41ab7e,7.7121696
seg_41be18,7.4137597
seg_41be7d,5.784849
seg_41f45e,6.5958743
seg_420bcc,3.381536
seg_420d4e,7.9260006
seg_421a96,5.623535
seg_421da1,6.8192644
seg_423ebe,4.325165
seg_425462,2.9878473
seg_42648c,2.9041128
seg_4280d9,8.992458
seg_428d66,2.6052582
seg_42c4c9,6.398194
seg_42e7e8,3.9905143
seg_42ff14,7.9140606
seg_430e66,7.079936
seg_43383f,5.416191
seg_434c96,2.3231072
seg_43597f,3.04109
seg_43c6f4,7.5364156
seg_440106,8.097658
seg_4401d8,6.9807634
seg_441c6d,7.953298
seg_4435bd,2.7702775
seg_447972,4.1074123
seg_447b8b,8.182592
seg_447cb3,9.161251
seg_44d3ca,2.8953335
seg_455b16,2.6910954
seg_456149,8.203844
seg_457234,8.184736
seg_45838b,6.16711
seg_4587bb,7.188181
seg_45a8a9,3.3146725
seg_45b051,2.171618
seg_45e062,9.625776
seg_45e4ed,3.1001043
seg_45e7ad,2.3267725
seg_46012e,7.318674
seg_460436,8.029847
seg_461ab5,2.9560812
seg_461b63,2.8409734
seg_462c1d,7.709077
seg_464839,6.08633
seg_468bc9,8.606569
seg_468fdb,2.5201874
seg_46a42b,3.7436056
seg_46b84d,7.7714458
seg_46c6d3,8.545761
seg_46dd7c,2.4517484
seg_4729a7,3.628573
seg_4743ab,8.077688
seg_4743fa,9.594549
seg_476700,2.9688668
seg_476bdb,2.5851288
seg_477c83,2.5929117
seg_478327,7.1556034
seg_47a48f,8.095871
seg_47d374,2.9029841
seg_47fed6,6.640235
seg_482745,2.1789556
seg_4848e3,4.9342537
seg_484901,3.9394345
seg_486973,4.2265625
seg_48a4b3,5.789706
seg_48a80c,2.3047047
seg_48b545,6.9451795
seg_48feba,2.8183641
seg_490092,6.9429812
seg_490d6e,3.453345
seg_492dc6,3.382625
seg_49322d,5.603239
seg_49336f,2.6268086
seg_495573,8.460123
seg_496d07,3.0355833
seg_496dad,2.809761
seg_49b0cb,8.664894
seg_49d84b,7.207934
seg_49fdf0,8.155999
seg_4a2525,8.513433
seg_4a6096,2.3795075
seg_4a719c,5.1885037
seg_4a91a9,2.4561622
seg_4a9e6b,6.927227
seg_4a9e8d,5.2268953
seg_4ab7bf,9.238867
seg_4abc29,2.9725504
seg_4acc4b,3.252761
seg_4ad5a2,6.878318
seg_4ad674,3.6119375
seg_4adeda,7.5590134
seg_4ae37c,7.193475
seg_4ae712,9.032635
seg_4b0839,2.5196805
seg_4b4c91,7.8527446
seg_4b4ffb,2.4643273
seg_4b8044,3.9848826
seg_4b953a,2.8171923
seg_4ba3d1,7.99651
seg_4c067a,6.480483
seg_4c12b2,1.9235088
seg_4c18e2,2.1802979
seg_4c3a2b,6.432363
seg_4c4995,4.1763883
seg_4c65e6,7.884477
seg_4c8db6,7.0296702
seg_4ca6de,7.5418153
seg_4cb0d7,5.7914743
seg_4cb9c6,3.2083511
seg_4ce234,7.53512
seg_4d0008,4.5274496
seg_4d0041,7.866899
seg_4d0c45,7.546504
seg_4d18f4,1.9973067
seg_4d2671,2.620469
seg_4d53c2,8.961417
seg_4d5a4a,2.8517761
seg_4d7c56,3.1976414
seg_4d8f0f,2.8688517
seg_4db886,7.465522
seg_4db997,3.4033206
seg_4dbbd1,7.0962973
seg_4ddddc,4.9318876
seg_4dfa03,2.7764766
seg_4e0c4a,8.72866
seg_4e2c66,2.5177064
seg_4e3bd7,1.9764078
seg_4e627b,3.8074474
seg_4e9646,7.091726
seg_4ea3fa,6.3301105
seg_4ea81c,3.5028033
seg_4eb127,2.1122572
seg_4eeaef,2.8181577
seg_4eef28,6.960684
seg_4f48b4,2.4368892
seg_4f5931,8.301636
seg_4f76a2,3.746307
seg_4f83a3,7.2188983
seg_4fa87d,8.170292
seg_4fce5b,2.3438346
seg_4fd191,3.7445464
seg_500108,5.0215626
seg_5009d9,3.0488796
seg_500c80,7.0292325
seg_502fab,8.387119
seg_507065,4.3998156
seg_5090fa,3.6757412
seg_509d55,2.7306273
seg_50a667,2.8603876
seg_50b048,5.2044535
seg_50e270,3.1932251
seg_511d25,7.466655
seg_512b3e,8.090849
seg_514543,3.0352707
seg_5147e1,4.9048586
seg_514b85,8.35342
seg_5165a4,7.3503466
seg_517345,6.815806
seg_517425,2.4258194
seg_51865e,2.9639835
seg_518b1e,2.3719704
seg_51b68c,8.292404
seg_51f0a2,3.537976
seg_51f6fd,4.256963
seg_521a88,8.191927
seg_523945,2.2851741
seg_524b39,7.1107144
seg_5254ce,6.7456703
seg_5255c0,5.477707
seg_52636c,3.8423424
seg_529be4,4.0702724
seg_529c99,3.7686052
seg_52c139,8.781902
seg_530a02,7.833139
seg_53103b,3.4030108
seg_5311d1,2.0070333
seg_533613,8.029365
seg_53498a,2.5429316
seg_53a557,3.0893397
seg_53a5fd,7.2397184
seg_53bdf5,7.241486
seg_53caf1,7.1520925
seg_53d818,2.3048515
seg_53e645,5.58833
seg_53fa13,2.4393156
seg_5407b0,2.7004817
seg_5445bc,2.5271688
seg_54490e,7.4970326
seg_545fda,7.572402
seg_5467c8,6.18283
seg_546864,8.003558
seg_5470ca,3.4652662
seg_5495ca,2.069558
seg_54af0d,2.0162475
seg_54b0ee,6.158212
seg_54d0f3,3.1267524
seg_55239a,2.4484901
seg_552b8e,9.238854
seg_5559d9,2.1800387
seg_555f63,3.0794966
seg_5597ed,2.526434
seg_55a0c3,3.8963327
seg_55a9a4,7.081404
seg_55b566,2.3742754
seg_55d50b,3.327577
seg_561cf4,1.9935142
seg_563059,3.460144
seg_5639b3,7.2410607
seg_566efe,8.913549
seg_56e3e7,8.9123
seg_56e6f1,3.7902498
seg_56ebc7,3.1081548
seg_570a20,3.1817713
seg_570d69,8.82089
seg_572172,7.2760158
seg_5759c9,7.5880375
seg_5765b6,7.4389296
seg_578e84,8.627668
seg_57908c,3.2088351
seg_57b6c0,3.143207
seg_57dd68,6.614483
seg_57ea44,2.327374
seg_580b65,5.8741913
seg_581fac,2.2888577
seg_585872,8.154329
seg_586726,3.2211013
seg_586c0f,2.744751
seg_5887a8,7.7043514
seg_588f61,2.6815906
seg_58d52d,8.2312155
seg_58e74b,2.183409
seg_58e9f9,8.022963
seg_58ea74,8.184053
seg_59058a,1.9356469
seg_590fa5,3.9187572
seg_591954,8.501543
seg_5924f5,3.9550595
seg_592807,7.3796935
seg_593c34,2.772361
seg_5965d8,3.1495912
seg_596ae3,3.881661
seg_5975f4,3.6297023
seg_597bd6,6.4408946
seg_59818b,7.0781884
seg_59cd7d,2.197929
seg_59cfdb,8.671524
seg_59d484,3.9893246
seg_59de0b,2.4118898
seg_59e1db,7.780147
seg_59eb97,3.4601135
seg_5a0479,5.1770887
seg_5a1adb,2.2244263
seg_5a242e,5.0600767
seg_5a67b5,6.711812
seg_5a947e,2.5555294
seg_5abfdd,4.2086654
seg_5ad847,2.8736448
seg_5b392b,3.1863413
seg_5b7325,4.3295736
seg_5b8c39,2.4314034
seg_5bc0b0,7.6074443
seg_5bd9ae,6.336062
seg_5bdb47,3.1557436
seg_5bfbf0,2.8714542
seg_5c0929,3.253764
seg_5c1a4d,2.0822241
seg_5c530f,3.5111163
seg_5c57a8,1.8347814
seg_5c8ae5,2.8302326
seg_5c9077,7.13141
seg_5cd98b,2.5700226
seg_5cde88,2.2806442
seg_5cfba9,8.071442
seg_5cfdc4,4.2732606
seg_5d333e,7.5308733
seg_5d45db,7.057634
seg_5d92af,7.7848334
seg_5d94b2,2.912204
seg_5e020f,3.7754276
seg_5e0902,2.0146992
seg_5e1bba,7.0641804
seg_5e541f,2.498368
seg_5e635a,2.8090553
seg_5e668a,7.5856247
seg_5e70a7,8.331955
seg_5e7abf,3.627338
seg_5e8ef4,6.877599
seg_5eb380,2.5170484
seg_5ec0e3,6.653415
seg_5ed47e,8.500299
seg_5ef47e,2.9232702
seg_5f0a92,3.619232
seg_5f24d3,7.603324
seg_5f352e,2.8508456
seg_5f355e,7.6915092
seg_5f46a5,5.7859006
seg_5f7fd9,3.3732135
seg_5fe414,3.8221693
seg_60277f,2.7207026
seg_6074f9,3.7398934
seg_607559,7.6631007
seg_60ab20,8.530388
seg_60b696,5.0541315
seg_60dacd,8.206687
seg_60df2a,6.782855
seg_610379,3.3358324
seg_61219c,4.4000187
seg_613702,3.4161355
seg_614b50,2.1438944
seg_6153ca,8.745758
seg_6167f0,3.7862618
seg_616c8b,8.217722
seg_61b50d,2.729654
seg_61f504,2.724071
seg_620ee4,4.5962105
seg_622e9d,2.6402678
seg_62331a,2.631909
seg_6262c4,6.1546082
seg_629822,2.53731
seg_62a403,8.7728
seg_62c582,3.1861243
seg_63130f,9.44602
seg_633651,3.6285033
seg_634180,3.432859
seg_634f05,2.2106547
seg_635770,7.5380883
seg_63582a,9.255162
seg_63c13d,5.0013957
seg_63c518,2.8303533
seg_63c8e4,9.191145
seg_63c983,2.4873338
seg_63c9a3,4.958108
seg_63d651,3.2822785
seg_6422d1,7.5382767
seg_643d1f,4.7731
seg_643f86,7.743789
seg_64bcb9,8.603264
seg_64be5d,8.927422
seg_64be91,7.3608484
seg_64daae,2.6474228
seg_64dcf0,5.8433924
seg_64f8dc,3.9944177
seg_650de2,2.5329587
seg_651808,2.7535157
seg_652cc2,3.5511053
seg_655780,2.657832
seg_655ad6,8.017736
seg_655cae,2.755525
seg_658bf4,2.0477087
seg_659ff8,3.9120493
seg_65b962,2.9273016
seg_65c4e1,5.7272534
seg_65ef95,3.043272
seg_65f01e,8.3784485
seg_65fbac,7.4727654
seg_660fe1,2.1824563
seg_660fef,5.162193
seg_661629,3.0337682
seg_666056,4.198316
seg_6681ee,1.8878531
seg_66820a,3.6330466
seg_6696d0,2.9039366
seg_66b7c3,6.518902
seg_66e45a,5.8379726
seg_66ed4d,2.1696427
seg_670bde,2.3594387
seg_67330f,4.538159
seg_673c60,2.9945846
seg_67599b,7.0783615
seg_679dd2,8.122671
seg_67aa76,4.2929077
seg_68102c,8.9251
seg_683ddf,4.878267
seg_686edc,7.019085
seg_687a5c,2.2242646
seg_68a484,8.6359005
seg_68da94,3.0319574
seg_691a72,4.8216476
seg_692e7a,7.668444
seg_6951e0,3.5244036
seg_695380,2.799583
seg_696621,4.524656
seg_6968c8,4.1607246
seg_69787a,7.5376873
seg_69a230,3.3421457
seg_69a53e,4.862754
seg_69dbad,6.334358
seg_6a05e7,3.2130985
seg_6a116b,5.498579
seg_6a26de,2.5975258
seg_6a45a0,3.0482154
seg_6a4ad1,4.552703
seg_6ab188,7.4420643
seg_6ac67a,2.2425926
seg_6ac82a,2.5550148
seg_6ae32d,2.2934327
seg_6b0107,3.4960155
seg_6b2ce0,4.719466
seg_6b3a9d,2.9121685
seg_6b4e04,8.677847
seg_6b536d,4.772355
seg_6b9511,7.6145654
seg_6b9d02,3.3127885
seg_6be48e,2.6009755
seg_6c292b,5.5299053
seg_6c309f,2.8611062
seg_6c34c2,2.6255376
seg_6c8a45,4.8578053
seg_6c909f,3.0439076
seg_6cfb76,3.7102036
seg_6d01a3,7.456355
seg_6d35cd,2.956698
seg_6d36a1,8.21003
seg_6d4109,7.325789
seg_6d4fa6,3.3501863
seg_6d6fad,3.4954507
seg_6da1ff,7.2683225
seg_6dac5d,8.804899
seg_6dd0fc,3.1463397
seg_6de4fd,8.359364
seg_6de935,8.25243
seg_6df48e,7.2313914
seg_6dfab7,2.9732447
seg_6e12ae,4.7002144
seg_6e12ee,3.489122
seg_6e1ee7,7.6844797
seg_6e572a,2.7925766
seg_6e5a38,2.157686
seg_6e7f73,8.402217
seg_6e98aa,3.516395
seg_6eb146,8.46442
seg_6ed49a,6.8939514
seg_6edcb8,3.6680236
seg_6eedcc,8.1982975
seg_6f17de,1.9434828
seg_6f2222,2.0129607
seg_6f3d90,4.7327166
seg_6f60b2,2.6372209
seg_6f650f,9.113779
seg_6f9a98,7.399003
seg_6fb17f,3.7836785
seg_6fc3ef,7.831215
seg_6fc8b3,7.2773976
seg_6fd5bb,6.381133
seg_7012af,8.747473
seg_7020c5,7.064911
seg_702e03,3.9176583
seg_703cea,7.938729
seg_705463,3.1974065
seg_708349,7.830917
seg_70991d,5.322203
seg_709b6a,7.409649
seg_709d08,3.7905183
seg_70a60e,5.4390287
seg_70b375,4.523059
seg_70be4d,8.191416
seg_70e891,4.4134436
seg_70edf5,5.447317
seg_70fb30,9.238489
seg_7120ac,4.8624563
seg_71238c,8.553217
seg_71348a,2.0114744
seg_715e2c,7.2061515
seg_715ff6,8.230749
seg_7189ca,5.1620197
seg_718b53,2.4962423
seg_71936f,2.6213577
seg_71b4e0,3.6375198
seg_71b975,2.5921853
seg_71c9e9,2.298038
seg_71f571,5.667781
seg_7211f1,3.6991885
seg_724df9,0.52810097
seg_725772,7.2395744
seg_725e84,2.117986
seg_727fc7,2.8919482
seg_72858d,2.0370445
seg_72859b,3.6375794
seg_72aba8,6.20668
seg_72b68c,8.483362
seg_72c307,5.017541
seg_72ebda,7.3602996
seg_72f40a,8.023803
seg_730ebe,2.8568807
seg_734a88,7.9308553
seg_73565e,3.0171993
seg_735cdd,3.1160104
seg_73858d,7.133841
seg_738be6,3.5827737
seg_739643,7.1048617
seg_739679,2.4497204
seg_739856,8.525071
seg_739fb0,2.6412294
seg_73ab4a,2.4274254
seg_73b0f7,6.7812405
seg_740837,6.8780675
seg_741fc1,7.4705296
seg_74235f,2.5969975
seg_7428e7,6.5255275
seg_743775,7.305665
seg_74537f,6.955189
seg_746d1d,3.7225475
seg_7480f4,7.9167953
seg_74b264,2.5541637
seg_74b3bd,7.043224
seg_74ce61,8.216059
seg_74d58a,8.011858
seg_74d8cc,5.213455
seg_74dda9,7.207481
seg_74f330,3.212739
seg_74fcfc,8.089883
seg_74ffde,2.9844804
seg_750244,7.351219
seg_750c93,2.3621798
seg_750d20,7.403795
seg_750e7e,7.684965
seg_75211e,3.0515468
seg_753190,7.160288
seg_753ba6,2.8065612
seg_7540f3,6.944065
seg_75438e,4.4634776
seg_755d50,3.1333275
seg_75654d,2.7857742
seg_758374,2.793165
seg_758ca4,3.0904198
seg_759fb1,5.8180695
seg_75a878,3.6952076
seg_75c34b,2.331928
seg_75cd6a,3.1272092
seg_75dc3e,3.0089488
seg_75e669,2.1922731
seg_75e93c,2.964111
seg_75eb90,7.772174
seg_75ffc9,6.888303
seg_760d70,4.6155434
seg_76106f,8.640465
seg_762188,9.246462
seg_762be4,3.0065885
seg_7630c5,8.220863
seg_766e42,2.7066193
seg_76b76f,8.398368
seg_76c2fa,2.9320219
seg_76d16c,6.733516
seg_76e914,2.7829638
seg_76f1af,4.303416
seg_76f3f2,7.917615
seg_76f76d,3.9708908
seg_774ad2,3.9958265
seg_77bf79,2.8050842
seg_77c546,2.4960072
seg_77db7b,8.211206
seg_77dbe7,2.6150527
seg_77df38,7.5006747
seg_77e7bf,2.9271939
seg_77ea14,3.5108962
seg_77f9e3,2.509294
seg_77fe77,6.925076
seg_7848f8,0.8707645
seg_7862ed,3.6556838
seg_786ff6,6.5620894
seg_78852d,7.088907
seg_78addc,8.193008
seg_78d817,3.864521
seg_78db0a,8.018452
seg_78ded2,2.3557544
seg_78fc4b,7.4902897
seg_790108,6.815422
seg_7949da,2.359139
seg_79c47a,2.749224
seg_79dc90,3.1236212
seg_79e301,3.4686115
seg_7a09ec,4.7857504
seg_7a521c,3.8915157
seg_7a5243,4.9644046
seg_7a9228,2.2682693
seg_7a9f2b,0.9078312
seg_7aeca4,6.835138
seg_7b0936,8.878598
seg_7b2994,2.9594822
seg_7b3017,6.961462
seg_7b5f90,7.7011003
seg_7bb771,3.053598
seg_7bec10,8.246725
seg_7bf143,2.7918088
seg_7c0376,2.4035046
seg_7c10c1,2.6925573
seg_7c2beb,7.4311886
seg_7c2c48,2.8608274
seg_7c6c31,7.2091894
seg_7c88d1,2.835453
seg_7c9433,6.531166
seg_7cb417,4.919633
seg_7cbb45,3.992631
seg_7cd6b1,3.2611718
seg_7cdfe5,3.0256388
seg_7ce9cb,2.7725556
seg_7cef95,7.426813
seg_7d17eb,8.101488
seg_7d2535,2.6784623
seg_7d2e57,6.319508
seg_7d65c7,7.6410084
seg_7d718e,8.604565
seg_7d88e3,8.43252
seg_7d994f,2.3364558
seg_7ddc30,7.5647726
seg_7df3dd,4.610063
seg_7e3b3e,2.468773
seg_7e9eb7,9.191933
seg_7eb108,9.015337
seg_7ebdc3,2.6462245
seg_7ed2dd,3.3679323
seg_7ef97b,2.0383656
seg_7efdd5,6.918811
seg_7f3ab0,3.5933409
seg_7f5b6f,8.436776
seg_7f786b,3.9226933
seg_7f93b2,2.7043948
seg_7f9b3a,7.140082
seg_7fa6ec,1.0610207
seg_7fac26,8.377674
seg_7fd3a3,3.2583065
seg_7fd6b7,8.856113
seg_80211c,8.21954
seg_804fb5,3.5162573
seg_80622d,7.367345
seg_807901,3.2181015
seg_80b9b4,7.647476
seg_80fb86,4.743289
seg_812962,2.4886773
seg_812a50,4.9366603
seg_813aab,2.3769474
seg_814b1f,2.0963926
seg_816b7a,2.537128
seg_818382,4.632937
seg_81a8ea,8.850447
seg_81bebd,7.1230955
seg_81c1a6,8.54847
seg_81c432,3.7812195
seg_81f798,3.1261692
seg_8200d2,2.6825318
seg_82303e,4.6132107
seg_82316b,2.8936713
seg_8244bf,4.538497
seg_82456a,1.9794583
seg_826208,7.1254525
seg_827804,4.2841187
seg_827a21,4.1664486
seg_827c07,2.347545
seg_82c138,6.4455614
seg_82ce27,3.6456594
seg_82d7b6,3.2707996
seg_830cff,3.147793
seg_8310ea,7.8917074
seg_8324a4,4.052199
seg_8328f5,4.182825
seg_832a4d,3.706668
seg_8344ee,3.6921008
seg_8353f5,8.196983
seg_836aac,2.6273735
seg_836ef0,1.9758466
seg_83bef8,4.220449
seg_83cb2c,2.868194
seg_83dc2e,8.515711
seg_83ef67,7.354646
seg_83f476,3.2551484
seg_83f89e,7.5342326
seg_83f928,8.896138
seg_8456d3,3.3314066
seg_845a2a,7.595701
seg_8472f3,8.397173
seg_848695,3.2945027
seg_84a65d,8.600752
seg_84b9d9,4.420837
seg_84c7fb,3.7355227
seg_84fc12,7.233293
seg_8509db,6.978901
seg_850d95,2.5456967
seg_8515fd,5.3987207
seg_853302,7.98875
seg_854d91,8.310793
seg_857304,2.6939342
seg_85762d,5.9735117
seg_8599ec,2.3982332
seg_85c1c0,3.157649
seg_85e90e,8.049078
seg_85e9c6,7.4683967
seg_85fb0a,3.420111
seg_864fcf,2.0921006
seg_8658b3,8.078432
seg_86720f,7.8159337
seg_8681aa,7.4925103
seg_86892f,2.2405305
seg_868c85,5.564942
seg_86cfe9,7.878579
seg_86d847,7.3805165
seg_86e874,2.583782
seg_87232d,6.498798
seg_876904,5.51194
seg_8773cf,3.2942817
seg_8777bd,8.576656
seg_8785e2,4.6695514
seg_878d2c,7.3745365
seg_87a616,2.6202679
seg_87a67a,4.111825
seg_87e4e8,1.8669335
seg_87f6c8,7.663545
seg_8826f4,3.0251393
seg_885f53,7.3448524
seg_8866f0,2.2366028
seg_88a81d,3.1655421
seg_88b289,7.976883
seg_890181,7.3550754
seg_89791c,5.482221
seg_89885a,2.2715206
seg_899bf0,2.7095265
seg_89b090,2.2586234
seg_89d8a0,6.567014
seg_89e207,5.773348
seg_89eed6,3.3116598
seg_89f975,2.353685
seg_8a3306,3.6204104
seg_8a41bf,3.2458892
seg_8a6b0e,2.7742987
seg_8a7201,3.5827856
seg_8a8220,3.4382496
seg_8a8375,7.765396
seg_8ab3a7,2.03664
seg_8ae847,4.345134
seg_8aeb99,7.5882835
seg_8b39c4,7.082232
seg_8b798b,8.585123
seg_8baeab,3.8364258
seg_8bc20c,2.280213
seg_8bde47,7.4700084
seg_8be2da,3.6209211
seg_8be76c,1.8839229
seg_8bec6f,5.822258
seg_8bf229,3.233623
seg_8c0114,3.5645347
seg_8c1760,3.679326
seg_8c1cca,3.1569242
seg_8c1e7d,2.5931106
seg_8c341c,7.776683
seg_8c6d4e,2.6597462
seg_8c6e34,2.8499746
seg_8cd159,2.9935336
seg_8cdf83,3.3981273
seg_8ce632,2.696951
seg_8cf573,4.3529444
seg_8d030a,7.0075636
seg_8d135f,7.5555797
seg_8d3a9d,7.774946
seg_8d4435,4.744794
seg_8d4965,2.6061277
seg_8d5113,5.8649635
seg_8d6578,4.412163
seg_8d6a7d,3.084039
seg_8da61a,6.4030895
seg_8db6f0,7.268032
seg_8dcf3c,8.477513
seg_8dd2ab,2.6174393
seg_8dd3ba,2.8824399
seg_8dfc7e,2.5798209
seg_8dfd7a,1.7734885
seg_8e5704,8.549549
seg_8e6a3f,7.5430794
seg_8e7194,5.862087
seg_8e7fca,4.5218096
seg_8ebdea,8.368944
seg_8f1127,2.0047276
seg_8f25b0,8.667732
seg_8f3247,3.9526405
seg_8f3dfe,3.2808962
seg_8f4654,3.4885736
seg_8f4781,4.2378864
seg_8f5589,7.9493823
seg_8f592b,8.589584
seg_8f6284,2.9583235
seg_8fb0d0,6.1844277
seg_8fb29e,7.517489
seg_8fb828,8.164383
seg_8fc754,7.0697703
seg_8fd465,2.128655
seg_902074,6.5985713
seg_902bc1,6.559211
seg_903aba,7.8821607
seg_907c52,3.5247383
seg_90a0be,2.5498958
seg_90b174,1.725104
seg_90bf60,7.739829
seg_90c258,8.5016365
seg_90e904,2.182426
seg_90ec68,6.482376
seg_90ef18,9.387908
seg_911066,2.405175
seg_9122aa,4.2426567
seg_913ffc,3.951406
seg_914a62,2.357989
seg_91596c,7.8839846
seg_915b3e,3.0399656
seg_91607c,3.3747413
seg_919a6a,2.1194015
seg_919c5c,2.4857414
seg_91bf8c,2.4518027
seg_91cff2,2.5812447
seg_91eaeb,5.589241
seg_91f512,2.4083955
seg_91f664,2.5083416
seg_91fc29,2.0254004
seg_920132,7.9449143
seg_92092a,6.441315
seg_922914,6.3276024
seg_922990,4.090657
seg_92310f,6.3346667
seg_929ded,5.3390856
seg_92a5f1,4.637433
seg_92af10,8.079195
seg_92b095,2.1740777
seg_92bd37,5.823475
seg_92be9f,4.1574955
seg_931244,8.462628
seg_93211c,7.664076
seg_932828,8.372777
seg_934087,2.5076897
seg_939f5c,4.6469593
seg_93d864,4.075723
seg_93f935,2.526466
seg_941759,5.975542
seg_943de0,8.769873
seg_944c98,2.9871864
seg_945bc8,2.8202667
seg_946d71,8.5372505
seg_946d9a,3.811166
seg_947700,3.9399295
seg_9485c0,3.9578395
seg_94a133,5.7504263
seg_94aa0a,6.821629
seg_94c48c,7.8895907
seg_94d150,2.2602437
seg_94d573,7.423527
seg_94ecad,8.054625
seg_950048,5.112443
seg_952faa,3.8555202
seg_95357d,4.2888374
seg_95644e,4.8842745
seg_957ece,2.0972064
seg_95b321,2.710446
seg_95f45e,6.8905263
seg_961d02,2.6373212
seg_961ddf,2.9538555
seg_9626a4,2.8367498
seg_96642e,3.2887163
seg_966f3d,3.0889583
seg_967ae4,7.6339364
seg_96cd5d,3.5272257
seg_96dab2,6.7284427
seg_96db5e,6.728026
seg_96fa35,3.2620282
seg_970b35,4.8971357
seg_970e86,8.176662
seg_974049,2.9168322
seg_9757ac,7.7272015
seg_979a8f,2.173517
seg_97a161,7.1888504
seg_97ad82,5.307955
seg_97d9ed,8.161861
seg_97e4a9,7.8209677
seg_9802c3,6.9611616
seg_9825e0,3.886335
seg_983778,8.369865
seg_986976,6.5103354
seg_986b6e,8.471187
seg_9872f9,2.837257
seg_988e69,3.3533807
seg_98a819,5.9726434
seg_98be13,5.8897543
seg_98c0b6,2.2634556
seg_98c44d,3.828022
seg_98c544,4.160135
seg_98ebaa,7.471537
seg_98f624,8.060444
seg_9940e8,8.2930355
seg_996c37,8.490402
seg_99ccbd,2.8455122
seg_99f677,4.976839
seg_99f76c,2.9414053
seg_9a1a4f,4.745469
seg_9a1c76,4.3844647
seg_9a43ef,7.705523
seg_9a6025,6.713533
seg_9a74d8,7.4321136
seg_9a7c46,5.0721664
seg_9a7d1d,2.1743248
seg_9a812d,4.1340685
seg_9a81a3,6.5562153
seg_9a8a1f,2.3085914
seg_9a9041,7.4133825
seg_9a92db,6.492107
seg_9aa6e2,2.5374284
seg_9ab405,3.144114
seg_9ad261,3.259267
seg_9ad925,8.173804
seg_9ae1a1,9.25128
seg_9b0439,5.046462
seg_9b44d2,9.079615
seg_9b7ef8,8.4248495
seg_9b7f93,3.6243029
seg_9bab11,8.778669
seg_9bd388,6.804499
seg_9bee43,2.4332469
seg_9c00d7,4.7365537
seg_9c090f,2.2098808
seg_9c2843,2.1526146
seg_9c3d6a,8.186398
seg_9c3ef8,7.927391
seg_9c635d,8.3053055
seg_9c6715,2.1109588
seg_9c8162,4.299231
seg_9c8bc8,5.4476023
seg_9ca72e,2.2614505
seg_9caf50,7.942797
seg_9cb464,3.450006
seg_9d1b26,3.5078773
seg_9d1dbe,7.4427404
seg_9d2528,4.9425087
seg_9d3013,7.8079243
seg_9d452d,2.5149455
seg_9d57a1,8.212507
seg_9d68cf,3.0918171
seg_9d6ff0,2.8298466
seg_9d7490,3.3507314
seg_9d79d4,3.2057047
seg_9dcae1,6.785492
seg_9ddc99,7.4260836
seg_9dea8d,6.4019065
seg_9df32d,2.4886806
seg_9e25e9,3.2902284
seg_9e3837,2.71208
seg_9e61da,2.8476944
seg_9e7dff,3.7356672
seg_9e8323,2.2747943
seg_9e8ca4,7.225075
seg_9e962b,7.1345987
seg_9ee0aa,7.259238
seg_9f042e,7.3015957
seg_9f12c6,3.515357
seg_9f22a0,7.860121
seg_9f4fd4,7.460498
seg_9f57c4,7.0673437
seg_9f6315,3.2282906
seg_9f7542,8.353584
seg_9fc7c2,2.125089
seg_9fd9b8,3.1935973
seg_9fe8b9,7.1681614
seg_a00985,3.3528552
seg_a009e6,5.582743
seg_a03e6a,3.8336754
seg_a05c22,2.4953997
seg_a06228,7.4359818
seg_a0646a,2.3530755
seg_a0979e,7.309589
seg_a0a423,2.9708712
seg_a11dd5,3.1897554
seg_a12acb,2.6727858
seg_a133bc,3.9755266
seg_a14212,3.5524268
seg_a16a1b,3.7010932
seg_a173d8,4.7065897
seg_a18246,6.3915467
seg_a1a511,1.869279
seg_a1acb2,3.4867845
seg_a1b3cc,3.658527
seg_a1d8da,4.823053
seg_a1e5b0,8.115686
seg_a1edc1,3.2340922
seg_a247ac,7.8056655
seg_a25c46,3.9948602
seg_a2986f,7.2039943
seg_a2c108,8.172449
seg_a2d47d,3.7070122
seg_a2e2c8,4.8848085
seg_a2fd8b,4.084798
seg_a31d6e,7.4305954
seg_a31fe3,6.121639
seg_a35c82,7.573213
seg_a35e7c,8.802589
seg_a39ebc,3.5013459
seg_a39f3b,7.523985
seg_a39fa8,7.9113646
seg_a3ab46,3.2542782
seg_a3d4d6,2.5969248
seg_a41c2c,4.081128
seg_a4208a,5.8129196
seg_a420d4,2.931694
seg_a436bc,8.196016
seg_a437cb,3.3223848
seg_a45455,5.3565035
seg_a47cce,7.339889
seg_a489e1,6.7632184
seg_a49ccc,2.9686224
seg_a4ad7c,8.453239
seg_a4e745,7.304724
seg_a50d28,8.132278
seg_a5271e,2.579952
seg_a53e4c,4.837983
seg_a543e5,8.5397005
seg_a55540,8.607845
seg_a55a17,2.5586658
seg_a56c04,3.6159315
seg_a58a6e,2.5321019
seg_a5934a,8.445958
seg_a5d37f,2.9093375
seg_a5dea6,8.3100815
seg_a5f4dd,2.7694006
seg_a5fbcc,3.7347696
seg_a61e1c,6.421823
seg_a63573,5.868582
seg_a674d2,7.87892
seg_a68007,3.112205
seg_a68ffb,7.67061
seg_a69246,9.135676
seg_a6959c,7.833421
seg_a6bf91,6.5562687
seg_a6c5cc,2.7113025
seg_a6cd86,2.4840121
seg_a6e801,2.1000476
seg_a6e99c,2.4772778
seg_a6eed3,2.4526508
seg_a704ee,5.329308
seg_a7561c,2.31263
seg_a7b454,2.480632
seg_a7d0eb,2.5020545
seg_a7e49b,4.5948257
seg_a80123,4.3290043
seg_a802fa,7.6659784
seg_a80f6f,7.565441
seg_a82229,7.400045
seg_a84c13,2.2338526
seg_a86231,5.7390156
seg_a8685e,7.4655156
seg_a86a05,6.7446976
seg_a87e79,2.4841766
seg_a88097,8.510021
seg_a88dde,7.644685
seg_a8bb2f,5.648896
seg_a8ddf7,2.1321461
seg_a8e6df,6.029757
seg_a8e71a,2.5075731
seg_a9089b,1.9366076
seg_a91c03,7.855417
seg_a93a88,7.6306906
seg_a96b47,3.079032
seg_a975df,2.3981814
seg_a99161,3.958602
seg_a99799,2.7131238
seg_a99be9,8.897032
seg_a9a820,2.8532245
seg_a9b957,4.085949
seg_a9f80e,3.9465618
seg_aa0180,3.09801
seg_aa1adf,3.094648
seg_aa508a,2.1779575
seg_aa78e0,6.098949
seg_aa7a4b,4.0061626
seg_aa98cc,0.22046816
seg_aa9b8e,5.1605816
seg_aaa2ae,2.300257
seg_aabc52,8.676889
seg_aae025,8.457185
seg_ab001b,4.1615486
seg_ab15ad,4.321739
seg_ab2a78,2.8394656
seg_ab3f14,8.234766
seg_ab4bca,2.8484545
seg_ab644e,3.2581372
seg_ab70bd,6.1229687
seg_ab9654,9.150772
seg_aba501,3.123225
seg_abaad2,7.917036
seg_abb03a,3.198464
seg_abb06a,6.5897064
seg_abc5fd,7.3258696
seg_abda04,7.3656654
seg_abeca6,8.758328
seg_ac45ae,6.686939
seg_ac5c61,8.713486
seg_ac68bb,2.9439895
seg_ac9de5,2.908145
seg_acd715,9.149071
seg_acf2f4,7.5189924
seg_ad3a44,2.1941495
seg_ad3cf0,2.4218893
seg_ad591c,7.007535
seg_ad759c,2.4056199
seg_ad82ca,7.185567
seg_ad949a,2.698585
seg_ada42c,2.5371602
seg_ada81a,9.001564
seg_ade769,7.206666
seg_adf94a,1.9772029
seg_adf986,4.907177
seg_ae32a6,5.6076736
seg_ae3388,7.6694765
seg_ae3d92,3.2096248
seg_ae42b3,8.830065
seg_ae9626,2.6899533
seg_ae9761,8.8793955
seg_aec276,8.022783
seg_aed434,5.444087
seg_aee7c0,7.5210447
seg_aee9bf,2.4442208
seg_aeeb31,2.1954336
seg_af1650,3.0881884
seg_af2472,2.5696323
seg_af6204,4.284186
seg_af703b,9.072035
seg_af959f,7.338064
seg_afa4a1,7.1756883
seg_afadfb,4.6073017
seg_afca81,2.1952653
seg_afd665,4.6064296
seg_b00f05,7.498274
seg_b02e31,7.483415
seg_b03de5,8.536188
seg_b08e9d,9.121986
seg_b0a794,2.2559538
seg_b0bf65,2.8139462
seg_b0cf32,8.54254
seg_b0d251,7.2602954
seg_b0f9cd,3.8903928
seg_b108c9,3.260993
seg_b13220,2.263071
seg_b13fb9,7.457784
seg_b197e2,3.2223177
seg_b1a35c,7.8037868
seg_b1b95e,2.2126389
seg_b1fea8,2.7928855
seg_b20487,8.562141
seg_b21273,6.562841
seg_b23489,3.0103886
seg_b253ee,3.0777283
seg_b25dde,1.9841516
seg_b26368,3.3315396
seg_b284b2,3.4598808
seg_b291c0,3.1737835
seg_b2b29d,7.957172
seg_b2b331,3.639359
seg_b2e045,5.6718483
seg_b31961,3.3497524
seg_b32d1d,3.0505195
seg_b35174,0.64215565
seg_b36650,2.7819912
seg_b36c8a,2.632334
seg_b378bc,2.6120906
seg_b3883e,3.5422788
seg_b3cf21,3.3985462
seg_b3d886,2.2712142
seg_b402ac,7.3539925
seg_b41d3c,4.0235214
seg_b42170,2.5435328
seg_b4402d,7.5760217
seg_b44c2e,6.9466205
seg_b47c19,7.4294543
seg_b4c040,3.4426854
seg_b4cb44,8.463875
seg_b4f7a8,3.455804
seg_b50239,2.8061142
seg_b51380,7.414507
seg_b51b7c,7.231327
seg_b52710,3.1936977
seg_b52add,9.035305
seg_b52dac,4.576006
seg_b54024,2.3047202
seg_b568c6,7.177187
seg_b57e76,3.6938665
seg_b5804a,2.9445534
seg_b58542,4.744217
seg_b5a447,5.9300985
seg_b5aee9,2.989953
seg_b6254c,2.7984688
seg_b63de1,2.1282349
seg_b64c9c,7.3167768
seg_b66b87,2.7402892
seg_b686e5,1.4404051
seg_b687fc,2.8179379
seg_b691c5,2.4822407
seg_b69455,8.367762
seg_b695b3,3.03791
seg_b6bdaa,7.823521
seg_b6c10d,7.3095093
seg_b6cb2b,2.4870276
seg_b72413,8.18783
seg_b735a5,7.945598
seg_b77bf5,7.6681247
seg_b782c7,8.093243
seg_b78883,8.987822
seg_b7a8a1,3.9183178
seg_b7b098,2.6665912
seg_b7da0a,2.7502687
seg_b7eeb6,4.0128627
seg_b80358,8.386948
seg_b80366,7.7826095
seg_b80b89,5.4330425
seg_b8141c,2.2337613
seg_b853c1,7.9828815
seg_b853f8,6.175321
seg_b86ce1,6.3231473
seg_b8725b,2.1075332
seg_b8745c,8.597779
seg_b87cf5,5.253861
seg_b88baa,7.3065734
seg_b89218,7.9995637
seg_b89e47,2.2352126
seg_b8b72f,3.5528286
seg_b8bb87,9.121548
seg_b8fd73,9.282452
seg_b91011,6.3972974
seg_b917b5,3.8744721
seg_b91ae2,3.4707851
seg_b9361a,4.34447
seg_b9365c,2.311264
seg_b947ae,3.2309701
seg_b95010,3.142293
seg_b95a77,8.276855
seg_b9619c,2.9587488
seg_b9ad7f,5.543151
seg_b9bdd7,4.0924063
seg_b9d8a0,5.361933
seg_b9de03,3.8726296
seg_b9ec4b,3.3536236
seg_ba0485,8.01686
seg_ba1d68,2.4507017
seg_ba2c48,5.4096594
seg_ba3c47,2.4021852
seg_ba3e74,3.0224564
seg_ba4ea3,8.929367
seg_ba5e7e,3.3977273
seg_ba83da,3.5375245
seg_ba941e,6.9026523
seg_ba98dc,2.7280645
seg_ba9dbf,2.8329315
seg_baa745,4.7776117
seg_bb171f,7.7289596
seg_bb180c,3.55649
seg_bb2d77,2.7089362
seg_bb5e15,2.8715112
seg_bb6904,2.7842367
seg_bb6fcb,4.1221476
seg_bb92b1,2.40399
seg_bbb01e,6.3629227
seg_bbbc30,3.4647515
seg_bbf805,3.0333307
seg_bbfd4e,7.632446
seg_bc07c8,2.154189
seg_bc1d67,7.8963957
seg_bc2186,7.268666
seg_bc437b,8.330645
seg_bca500,7.01218
seg_bcc8f1,4.307935
seg_bce23c,7.615314
seg_bce305,3.7791488
seg_bcf2d9,3.9943776
seg_bcf6af,7.17229
seg_bcfad6,6.2417655
seg_bd00c4,2.8865962
seg_bd2b0c,5.3188896
seg_bd31bf,3.157209
seg_bd40f2,8.80607
seg_bd4d30,6.6190333
seg_bd5022,2.4586403
seg_bd629b,2.848434
seg_bd6f5f,8.111319
seg_bd7109,6.415318
seg_bdae02,8.473341
seg_bdf84b,6.509239
seg_be0cdc,2.900878
seg_be0dfa,7.7931385
seg_be19e2,7.7036943
seg_be30ce,4.3427367
seg_be4612,8.700432
seg_be62ef,6.767078
seg_be65f2,2.3125432
seg_be811d,2.4552827
seg_beb650,7.157837
seg_beda44,5.9474783
seg_bee792,3.3190367
seg_bf1294,2.0989518
seg_bf1430,7.174137
seg_bf1a72,3.7036324
seg_bf2d1f,8.815452
seg_bf4bf2,2.075211
seg_bf4ec0,7.021167
seg_bf58ce,7.3806257
seg_bf7224,2.7572324
seg_bfdd14,1.4474301
seg_bfe0b6,9.395618
seg_bff05e,8.152946
seg_bff392,2.5431023
seg_c01a57,2.0724554
seg_c01d9a,8.34488
seg_c01f63,7.819147
seg_c0260d,6.2532415
seg_c047b7,4.955714
seg_c05a7d,8.751614
seg_c07b7c,2.8052983
seg_c08d36,4.096349
seg_c09a41,3.2693293
seg_c0c0ed,6.909039
seg_c0d7da,2.1356552
seg_c0e1b9,3.9264655
seg_c0ea9f,5.7049265
seg_c106ca,3.9201012
seg_c10a58,7.0086174
seg_c11828,2.8105547
seg_c11a4f,2.5942836
seg_c12d7d,8.46496
seg_c146a8,6.7575383
seg_c15d21,7.2462397
seg_c17817,2.9480484
seg_c179f8,4.4993496
seg_c183e4,3.447432
seg_c186dc,2.8741255
seg_c18d5a,2.2483656
seg_c1fe9a,2.4425933
seg_c20a27,7.030581
seg_c20c06,2.007364
seg_c21723,2.628707
seg_c21d60,4.8864155
seg_c22bd4,8.133345
seg_c23429,3.5489535
seg_c23641,5.591707
seg_c243a6,1.9612206
seg_c24946,3.817687
seg_c25855,8.723601
seg_c267a5,3.289722
seg_c26fb4,2.2523935
seg_c27591,3.3488464
seg_c2a0c8,3.1894865
seg_c2b8f7,2.9674845
seg_c3507f,6.3120446
seg_c35940,2.56446
seg_c365de,2.4419973
seg_c3836b,2.236656
seg_c3f672,7.573084
seg_c3f8d7,4.6663475
seg_c41d1d,3.6510463
seg_c42490,3.1683826
seg_c42952,4.864938
seg_c44bbc,2.5382712
seg_c46ce6,2.8064938
seg_c472cf,8.052652
seg_c47bdc,7.481131
seg_c4af54,2.859199
seg_c5064e,4.1192093
seg_c509ff,5.4023046
seg_c522f8,7.839535
seg_c5256d,4.812977
seg_c52ae6,2.226287
seg_c5325c,7.986371
seg_c550b1,8.369896
seg_c565bd,4.0717673
seg_c571ef,6.064657
seg_c588c1,8.603695
seg_c58ca5,6.793464
seg_c5abaa,6.465026
seg_c5c455,2.0406556
seg_c5c6ea,5.647787
seg_c5dada,3.0084555
seg_c5dee4,1.9731023
seg_c5f986,2.540144
seg_c5fc3b,7.611688
seg_c5fc87,6.4122357
seg_c607eb,2.363227
seg_c60dca,4.002962
seg_c60f1d,2.5813127
seg_c627fc,7.7521057
seg_c62a06,2.4802756
seg_c65135,2.3147216
seg_c654e7,4.370551
seg_c666dd,3.444824
seg_c671f7,5.432681
seg_c6b514,3.831389
seg_c6c29f,2.6605465
seg_c6f0a2,4.443967
seg_c6f533,3.17125
seg_c6f9c2,3.7003937
seg_c703be,7.027677
seg_c70fde,7.0856442
seg_c714d0,8.617125
seg_c73df6,3.9898033
seg_c747ad,8.661072
seg_c747b4,3.5286148
seg_c7a3bc,2.9072423
seg_c7a401,5.4999146
seg_c7a579,7.0433593
seg_c7b424,4.134188
seg_c80857,0.5609317
seg_c81e10,7.7889814
seg_c81fec,3.276195
seg_c8459f,7.9945498
seg_c87c24,4.2637987
seg_c901c0,3.4782207
seg_c90be5,8.388313
seg_c9201c,2.6271977
seg_c9481f,5.7215476
seg_c94941,2.003149
seg_c9831a,1.8077334
seg_c9e533,7.5079594
seg_c9f80a,3.6237812
seg_ca2d1b,3.1169946
seg_ca407b,3.7912164
seg_ca44a8,5.1132684
seg_ca67ee,2.299013
seg_ca6d70,2.9437196
seg_ca8389,2.829208
seg_ca88e3,8.104982
seg_ca9e39,5.4249363
seg_caa919,5.7108073
seg_cacd0a,2.9588754
seg_cacd58,3.5045147
seg_cb0e21,7.725271
seg_cb806c,2.9154494
seg_cbcce9,5.149975
seg_cbfb19,7.298437
seg_cc096e,8.672947
seg_cc2c46,4.9065595
seg_cc2e9b,2.4198265
seg_cc4199,8.425222
seg_cc4932,8.479288
seg_cc4950,2.3435183
seg_cc667b,6.1860323
seg_cc7a19,2.3096666
seg_cc7e39,7.2848625
seg_ccdc28,2.3671615
seg_cd0691,2.2300594
seg_cd2b34,6.4352736
seg_cd2b53,2.1235754
seg_cd352f,7.3883305
seg_cd43b4,8.253735
seg_cd699e,3.7768474
seg_cd9f9b,6.453047
seg_cdadb5,7.7175846
seg_cdf88e,2.8096402
seg_ce00bb,3.4582782
seg_ce46ba,2.1566162
seg_ce472b,7.7481
seg_ce5520,2.2746203
seg_ce5832,2.3690143
seg_ce72e2,2.752294
seg_ce7537,2.8654184
seg_ce9f59,2.108706
seg_cea185,5.691804
seg_ceab44,7.375473
seg_ceb942,3.2083294
seg_cec2f2,6.3368526
seg_cecd29,6.788539
seg_ced992,3.1126137
seg_cedf3e,6.738689
seg_cee7d0,7.500325
seg_cf0e43,3.1801982
seg_cf1371,2.9242523
seg_cf25d2,3.7308574
seg_cf3825,2.593422
seg_cf5764,7.454788
seg_cf646e,7.010458
seg_cf74e8,2.6092646
seg_cf9a49,3.7831373
seg_cfed24,2.699507
seg_cff594,2.111145
seg_d014a3,8.546102
seg_d0598e,3.1432652
seg_d062a6,8.253735
seg_d07c62,2.8775206
seg_d07ce8,8.812463
seg_d098df,7.319288
seg_d0c280,1.9832492
seg_d0c8e2,3.195756
seg_d0f262,3.8917644
seg_d0f803,3.4620695
seg_d1045e,7.7848964
seg_d11ca8,8.423012
seg_d14524,3.6746254
seg_d146a6,2.3972006
seg_d16534,7.5101852
seg_d19980,7.2599764
seg_d1a281,5.6579075
seg_d1a2b9,2.1970894
seg_d1a8b3,3.5357728
seg_d1abaa,8.634699
seg_d1b91e,6.6811404
seg_d1ca05,9.068926
seg_d1cb37,8.3277645
seg_d1eee8,8.452578
seg_d1fbb8,7.8117995
seg_d21066,3.8101735
seg_d21eb6,7.070339
seg_d24095,8.406664
seg_d247da,6.6229157
seg_d2551a,8.99823
seg_d26f7d,9.000288
seg_d27193,3.5431817
seg_d27812,4.2949905
seg_d29a4b,4.7077613
seg_d2a533,6.831873
seg_d2ad9a,2.6036649
seg_d2cb02,2.9683633
seg_d2db6b,3.5619678
seg_d2f588,7.6716824
seg_d30a9d,2.4117992
seg_d31583,8.559657
seg_d320f5,4.5765924
seg_d328bb,2.5458946
seg_d32f71,2.6695309
seg_d32f8a,3.1268578
seg_d35274,3.7344747
seg_d356ab,3.2821436
seg_d35e50,3.1671977
seg_d36055,7.4858365
seg_d36342,7.7502437
seg_d36681,8.351957
seg_d36737,3.6231647
seg_d37b05,7.617681
seg_d39131,7.723893
seg_d398df,6.3881035
seg_d3992e,8.751406
seg_d3bb14,2.7761912
seg_d3d8fc,3.2270162
seg_d3f6b0,3.2140615
seg_d3f967,2.6522267
seg_d40bb2,8.322434
seg_d41daa,7.5705457
seg_d42c77,7.318529
seg_d44589,3.1960368
seg_d47aba,3.071898
seg_d4c763,6.7483606
seg_d4dec8,5.1078386
seg_d4ea17,4.9642553
seg_d508db,6.3365297
seg_d516e3,7.862082
seg_d56ae2,6.7480073
seg_d56d32,7.377732
seg_d59e4e,3.1457124
seg_d5b100,3.2016802
seg_d5d3a1,3.2363887
seg_d5dbc1,2.3920443
seg_d5df41,6.7954755
seg_d5f344,3.517967
seg_d60d18,4.676719
seg_d62e9c,3.0650282
seg_d63175,6.980199
seg_d661ce,3.3565073
seg_d668c0,8.184738
seg_d68930,9.021931
seg_d693b0,7.888346
seg_d6b198,2.8898292
seg_d6b386,7.961224
seg_d6b546,8.071252
seg_d6dad6,7.401413
seg_d6ea73,3.161997
seg_d702b2,7.4511805
seg_d71352,8.784527
seg_d740b2,8.644924
seg_d753f8,2.107844
seg_d78093,2.4485953
seg_d78e7d,2.379068
seg_d795ab,7.3661427
seg_d7967e,7.658897
seg_d7a805,5.8719263
seg_d7ab50,3.2902403
seg_d7f015,6.310677
seg_d7f53a,3.7793076
seg_d8014d,2.8108993
seg_d83890,2.1898568
seg_d85e2e,5.2892075
seg_d86eb6,3.0032077
seg_d88da7,7.119855
seg_d89369,2.8795915
seg_d90c5f,2.1069543
seg_d91492,7.518418
seg_d9190c,5.013297
seg_d9352b,7.5216737
seg_d962cc,8.864338
seg_d9750c,3.284352
seg_d9a2bb,3.532141
seg_d9b162,3.7600374
seg_d9bb68,7.2234306
seg_d9ce67,2.8347852
seg_d9d0e4,4.9708204
seg_d9dab4,8.649815
seg_da21ee,8.100838
seg_da7c3b,7.4735446
seg_da80c4,8.2131195
seg_da8b88,5.320284
seg_dab0f9,7.209853
seg_dad4f2,6.937941
seg_db3446,7.456532
seg_db3a95,3.7166219
seg_db3fbe,8.963421
seg_db4185,2.8791914
seg_db606c,4.591861
seg_db694a,5.5737023
seg_db6d5f,7.3865285
seg_db90c0,2.5371103
seg_dbbb44,4.9490585
seg_dbc615,2.8102887
seg_dbf3f2,2.179803
seg_dc188b,3.9775643
seg_dc1cf0,8.392674
seg_dc23c0,8.302238
seg_dc4698,3.6592102
seg_dc5e63,4.5008907
seg_dc6e94,3.2727976
seg_dc73b8,2.5434957
seg_dc7e0d,2.150411
seg_dca2c2,8.548775
seg_dcb51d,2.922411
seg_dcbe02,2.9721904
seg_dcd9df,2.3828635
seg_dcee28,6.0964813
seg_dceeca,3.3317394
seg_dcf242,7.1184115
seg_dcfb4b,8.622774
seg_dd0b11,2.3471632
seg_dd4594,4.24963
seg_dd699c,2.502532
seg_dd780d,3.2127986
seg_dd8805,5.5691643
seg_ddbadc,8.029011
seg_ddc800,8.559864
seg_ddd206,4.838022
seg_ddddf0,2.9288564
seg_de225c,8.729859
seg_de3237,8.439224
seg_de3d5e,3.035061
seg_de4e1d,3.836289
seg_de8180,2.4134629
seg_de98fa,1.9177635
seg_de9e32,7.638801
seg_df0df7,5.4184885
seg_df352f,2.6277013
seg_df45b0,7.516217
seg_df8385,3.302833
seg_df8e0a,7.2364583
seg_df99d4,2.3788998
seg_dff078,4.333845
seg_e00465,8.133064
seg_e051bc,3.2048926
seg_e05de2,2.6508462
seg_e067ab,7.567357
seg_e09301,2.52524
seg_e0c329,2.4678423
seg_e0ce38,4.4381475
seg_e0cfd4,7.302105
seg_e0f296,7.512362
seg_e10d3b,7.28521
seg_e13bd8,5.415612
seg_e14149,6.80712
seg_e1468f,8.027292
seg_e15cb9,3.269858
seg_e197b8,3.506032
seg_e1a9e0,8.748211
seg_e1daa0,6.2085624
seg_e1f045,7.1401544
seg_e1f081,7.330307
seg_e20d76,6.620888
seg_e217fc,3.509823
seg_e2209b,2.6161587
seg_e24496,7.2499137
seg_e24f69,3.2570484
seg_e256bd,2.1325784
seg_e25aca,6.5313396
seg_e266f4,6.240757
seg_e27c0a,2.9983752
seg_e29670,2.5103004
seg_e2b8b1,8.601711
seg_e2c82c,3.0602727
seg_e3005e,2.6294892
seg_e30e44,2.0413115
seg_e30ef5,1.9715843
seg_e34052,1.9931872
seg_e37b8e,2.0887325
seg_e3b1f1,7.3201895
seg_e3ca24,6.579003
seg_e3cf1a,3.5870085
seg_e3d751,1.0729725
seg_e3dafa,9.004448
seg_e3e762,3.6114893
seg_e40348,4.347625
seg_e405fe,2.776352
seg_e40d64,7.5991626
seg_e41fc9,3.611553
seg_e47d2b,3.990082
seg_e481c7,7.5251594
seg_e48c23,7.093051
seg_e49750,3.4466658
seg_e4c15a,5.1975107
seg_e4f203,7.039221
seg_e4f403,2.5728242
seg_e50f16,8.404505
seg_e52f8c,6.34049
seg_e53a52,3.4362197
seg_e54932,4.7826257
seg_e5750a,8.808371
seg_e59dca,6.8988833
seg_e5b510,3.0933564
seg_e5c033,3.950801
seg_e5deec,2.4456766
seg_e5e238,2.4246528
seg_e5f9ec,7.165373
seg_e5fbc1,2.099165
seg_e60719,8.682045
seg_e6307f,8.267866
seg_e64dfa,7.410212
seg_e65e69,3.0501728
seg_e66697,2.8350735
seg_e6b236,6.9508877
seg_e6bd3f,2.4129105
seg_e6c973,7.378001
seg_e6e1df,3.7402391
seg_e6e24e,7.3888288
seg_e71dda,4.6416664
seg_e72f10,3.7606592
seg_e742dc,7.3547335
seg_e76e6e,2.462524
seg_e7ac12,4.03185
seg_e7ced6,7.9051447
seg_e7d1f8,2.899218
seg_e7d3e7,7.849163
seg_e80726,4.299818
seg_e81b50,3.1309485
seg_e8385f,9.127505
seg_e85f55,2.3133237
seg_e86e44,4.053499
seg_e86ed1,8.803961
seg_e86f77,2.3740435
seg_e877a5,7.020094
seg_e8a2c4,7.0836134
seg_e8a4f4,7.3553863
seg_e8ac98,2.5247009
seg_e8ad6b,6.083871
seg_e8b2b3,6.677478
seg_e8bcde,3.9902902
seg_e8ce6a,2.6032982
seg_e8d02f,3.4863858
seg_e90c0d,3.2320843
seg_e92526,2.8275096
seg_e9272e,3.333731
seg_e96140,2.5474384
seg_e98217,3.8785942
seg_e9a09f,2.3812118
seg_e9aa44,8.505272
seg_e9df42,8.186804
seg_e9e65b,7.64689
seg_ea0091,3.3337216
seg_ea05c1,7.7476044
seg_ea096b,7.981429
seg_ea098b,7.7199593
seg_ea4d3a,7.886763
seg_ea78c0,6.403725
seg_ea8270,8.479095
seg_ea9d37,3.2305954
seg_ea9fa4,7.9990883
seg_eaa0ec,7.3853965
seg_eabb2c,7.760771
seg_eacccf,2.8733816
seg_ead30e,3.2499554
seg_eb0b19,8.332301
seg_eb1d6e,2.7741728
seg_eb2e11,3.1073966
seg_eb32bc,2.439244
seg_eb47a9,2.162348
seg_eb692c,8.45502
seg_eb7595,3.4360414
seg_eb7f91,3.6366096
seg_eba22d,7.379555
seg_ebb79f,7.0364265
seg_ebd77b,9.05765
seg_ebe36c,3.3337212
seg_ebec3e,2.8265452
seg_ec0e7b,7.157638
seg_ec4645,6.6892323
seg_ec73d5,2.849473
seg_ec973c,8.641266
seg_eca2eb,4.1321535
seg_ecaef0,5.2697344
seg_eccb17,2.1567159
seg_ecdca4,2.7815259
seg_ecf28d,7.174183
seg_ecf81b,7.7096314
seg_ed07b0,3.3793187
seg_ed3e4c,7.382546
seg_ed52ac,6.3147664
seg_ed7741,8.908104
seg_ed7dee,3.2860672
seg_ed7f69,2.7027557
seg_edda79,7.1845627
seg_edecaa,3.0964391
seg_ee1cfc,2.85358
seg_ee2781,7.9514904
seg_ee4479,3.3267136
seg_ee4ae5,2.091236
seg_ee7224,3.1196387
seg_ee87e2,2.4357917
seg_ee8f87,6.617031
seg_eea20e,8.491367
seg_eebbc2,3.967373
seg_eee89d,3.5048623
seg_eefd4a,2.147458
seg_ef24bd,3.4560769
seg_ef27c8,2.5275455
seg_ef47c4,7.69485
seg_ef644a,7.0550084
seg_ef660a,7.4912415
seg_ef74dc,3.6874776
seg_ef779d,2.0873446
seg_ef9105,8.5970955
seg_efb639,6.8976026
seg_efbf3e,3.3114963
seg_efc5fb,8.245199
seg_efd9ec,8.02342
seg_f003ca,7.743667
seg_f01368,5.4613395
seg_f0181d,3.7357268
seg_f02d32,6.109516
seg_f056d8,3.0946665
seg_f0574b,5.1293845
seg_f073e2,6.2419434
seg_f0ce4a,2.1709764
seg_f0cedb,8.122494
seg_f0d278,2.8102045
seg_f0db55,2.0493057
seg_f11620,5.6671042
seg_f11f77,5.324953
seg_f165f6,2.6072876
seg_f19f8e,7.291496
seg_f1a771,2.5308776
seg_f1b916,2.980499
seg_f1f5b9,3.255915
seg_f21a22,3.2438385
seg_f21bf4,6.097423
seg_f22163,7.902567
seg_f229bf,4.7997847
seg_f24292,3.5391219
seg_f2750c,6.574926
seg_f2a20d,3.7485662
seg_f2ae5e,3.88344
seg_f2b0c5,2.646531
seg_f2cb5e,2.3232462
seg_f2f5a3,2.577989
seg_f3063a,4.7897987
seg_f30b2f,3.9466748
seg_f30f0c,7.463485
seg_f322b1,7.426753
seg_f342a3,3.1617873
seg_f34877,5.2526417
seg_f383fb,6.4174433
seg_f3c578,1.9653577
seg_f43730,7.3882804
seg_f43ab6,1.9798577
seg_f455bc,8.041791
seg_f46cc1,3.3365095
seg_f48363,2.8698606
seg_f48db9,3.0942786
seg_f4ad4b,3.603609
seg_f4d644,2.6782515
seg_f52cdc,8.76626
seg_f5406b,2.788879
seg_f579ba,2.296434
seg_f57ca1,8.883338
seg_f59974,7.7345896
seg_f5a4ee,8.989744
seg_f5a6ab,7.289145
seg_f5d2dd,8.061334
seg_f5e682,2.1565058
seg_f60872,4.484102
seg_f618a8,7.513289
seg_f61b0e,4.487903
seg_f639cd,7.479914
seg_f639ec,6.7761025
seg_f650cc,2.1077733
seg_f6659e,4.8315344
seg_f66db1,6.5924234
seg_f679c6,8.04793
seg_f67ce2,2.5421298
seg_f6828d,1.9950444
seg_f69c38,3.1220765
seg_f6a217,2.7300684
seg_f6abc5,8.226603
seg_f6b70c,7.1533737
seg_f6bae8,4.4739857
seg_f6c0cb,2.489345
seg_f6c928,5.9131613
seg_f6cfd4,7.905521
seg_f6d51b,2.7765687
seg_f6e1ca,4.464031
seg_f6e89f,7.872465
seg_f6f523,2.154197
seg_f6f683,6.54412
seg_f7050a,3.7508779
seg_f70b66,3.201054
seg_f71db8,4.529797
seg_f7290f,2.7608712
seg_f734c8,7.5070877
seg_f741af,2.7348597
seg_f77ee5,9.137862
seg_f7d792,2.1942046
seg_f7de40,7.707783
seg_f80e44,3.5675175
seg_f83d28,3.927309
seg_f865be,2.9953816
seg_f86c41,3.8581996
seg_f88d4a,3.8243442
seg_f8db0a,3.2212706
seg_f8dd7e,6.623204
seg_f931de,3.949951
seg_f93ce5,2.521131
seg_f95fd3,6.584596
seg_f96d0e,2.5593023
seg_f96d5a,6.8992085
seg_f97274,2.9027677
seg_f99b64,6.91649
seg_f9e4f2,8.436312
seg_f9eea3,3.802332
seg_fa0ac7,7.0928087
seg_fa34c7,7.956435
seg_fa488e,2.8522208
seg_fa4df0,2.8132558
seg_fa6383,6.0768676
seg_fa796b,3.1244426
seg_fa9f00,3.9889045
seg_fad815,3.184029
seg_fb00b3,8.752213
seg_fb11ba,6.7628965
seg_fb1f5c,8.503302
seg_fb4c26,5.570846
seg_fb74f0,7.233525
seg_fb76ca,4.8364983
seg_fb8af5,2.3228815
seg_fb9491,4.1672487
seg_fb9b2e,6.9265885
seg_fbce13,2.5780249
seg_fbd66b,3.372385
seg_fbddb9,8.023905
seg_fbe3c2,2.332236
seg_fbf17a,7.7841296
seg_fbff25,2.4207335
seg_fc407c,6.7563004
seg_fc57d4,2.5956507
seg_fc8fd6,2.2495947
seg_fcb7d0,8.906799
seg_fcca66,3.6252642
seg_fcd32e,3.4252837
seg_fd19b8,7.8831263
seg_fd374e,3.951171
seg_fd6340,5.1202736
seg_fd8add,7.56249
seg_fd9ac1,2.7532315
seg_fdba93,3.6684952
seg_fdc1d4,2.4994972
seg_fdd50e,1.6222302
seg_fde767,6.1967297
seg_fde86d,2.8410654
seg_fdff11,1.8305099
seg_fe2aac,3.703596
seg_fe5945,2.6524835
seg_fe70c0,6.3079395
seg_fe73b1,7.289035
seg_fe86f5,4.3031654
seg_fea3e2,8.218754
seg_feb312,7.127553
seg_fedbd1,8.047375
seg_ff0f1b,2.5179377
seg_ff1a62,7.653929
seg_ff2f2d,4.283861
seg_ff4236,5.8656116
seg_ff7478,6.410744
seg_ff79d9,2.5717692
seg_ffbd6a,1.9547789
seg_ffe7cc,8.407146